"datasetid","sitename","signal_onset_age","pastoral_baseline_mean","pastoral_threshold","pastoral_exceedance_age","pastoral_detected","arable_baseline_mean","arable_threshold","arable_exceedance_age","arable_detected","forest_baseline_mean","forest_threshold","forest_exceedance_age","forest_detected","leading_index","bc_total","bc_anthro_pct","bc_climate_tree_pct","bc_succession_tree_pct","bc_wetland_pct","bc_other_pct","classification"
19913,"Abborrtjärnen",1738,9e-04,0.0031,1672,TRUE,1e-04,6e-04,1672,TRUE,0.0063,-0.0076,NA,FALSE,"pastoral",0.3468,0.3,34.1,14.6,0.7,50.2,"H1_anthropogenic"
45349,"Afstj¢rna",1540,0.0035,0.0096,1540,TRUE,0.0014,0.0046,1383,TRUE,0.0139,-0.0056,NA,FALSE,"pastoral",0.2957,2.6,32.3,12.5,1.3,51.3,"H1_anthropogenic"
12,"Ageröds Mosse",5222,0.0048,0.0319,5032,TRUE,0,0,2449,TRUE,0.061,-0.0321,NA,FALSE,"pastoral",0.7651,0.3,33.5,1.3,50.4,14.6,"H1_anthropogenic"
3866,"Aholammi",2076,0.0059,0.0154,NA,FALSE,4e-04,0.0019,1247,TRUE,0.0181,-9e-04,NA,FALSE,"arable",0.3105,1.1,46.4,11,2,39.5,"H1_anthropogenic"
45314,"Alanen Laanijärvi",6122,0.0012,0.0038,6122,TRUE,2e-04,0.0017,NA,FALSE,0.0018,-0.0023,NA,FALSE,"pastoral",0.1528,2.4,60,7.2,1.6,28.7,"H1_anthropogenic"
45644,"Austerkjøsen",4676,0.0087,0.0366,NA,FALSE,1e-04,0.0011,NA,FALSE,0.0026,-0.0041,NA,FALSE,"none",0.3385,0.9,11.6,4.7,0.9,81.9,"H3_natural"
45650,"Austerkjøsen",4676,0.0087,0.0366,NA,FALSE,1e-04,0.0011,NA,FALSE,0.0026,-0.0041,NA,FALSE,"none",0.3385,0.9,11.6,4.7,0.9,81.9,"H3_natural"
20037,"Barheivatn",6161,0.0025,0.009,3210,TRUE,0,0,5977,TRUE,0.0011,-0.0012,NA,FALSE,"arable",0.2295,0.1,36.9,12.5,1.8,48.7,"H1_anthropogenic"
52429,"Belauer See",2348,0.0102,0.0192,2348,TRUE,0.001,0.0028,2335,TRUE,0.2597,0.112,100,TRUE,"pastoral",0.3499,11.7,37,8.8,1.1,41.3,"H1_anthropogenic"
3931,"Bjärsjöholmssjön",6522,0.0022,0.0052,6398,TRUE,0.0014,0.0038,5777,TRUE,0.3546,0.3385,5715,TRUE,"pastoral",0.1046,0.7,50.5,26.6,0.9,21.3,"H1_anthropogenic"
45642,"Bjørnfjelltjørn",2050,0.0144,0.0611,NA,FALSE,1e-04,8e-04,NA,FALSE,0.002,-0.0014,NA,FALSE,"none",0.3134,2,50.1,1.8,6.1,40.1,"H3_natural"
3937,"Blåvasstjønn",3501,0.0053,0.0162,NA,FALSE,0,0,2252,TRUE,0.0052,-0.0054,NA,FALSE,"arable",0.3122,0.7,50.1,7.1,1.4,40.7,"H1_anthropogenic"
20046,"Brurskardtjørni",3633,0.0052,0.0133,3633,TRUE,0,0,NA,FALSE,0.01,-0.0035,NA,FALSE,"pastoral",0.251,4.3,39.6,3.7,6.3,46.1,"H1_anthropogenic"
53995,"Bussjösjön",4975.2,0.0014,0.007,4816.9,TRUE,1e-04,9e-04,4659.3,TRUE,0.067,-0.0944,NA,FALSE,"pastoral",0.605,0.3,46,46.4,0.3,7.1,"H1_anthropogenic"
4011,"Dags Mosse",6622,0.0015,0.0041,6121,TRUE,0,4e-04,6121,TRUE,0.0318,0.0027,NA,FALSE,"pastoral",0.5059,0.1,36.4,3.2,3.5,56.8,"H1_anthropogenic"
45725,"Dalane",4373,0.0154,0.0292,2462,TRUE,0.0032,0.0114,2462,TRUE,0.0698,-0.0101,NA,FALSE,"pastoral",0.3023,2.2,43.9,21.3,1.1,31.4,"H1_anthropogenic"
20034,"Dalmutladdo",5219,0.0058,0.0183,NA,FALSE,2e-04,0.0012,5219,TRUE,0.0016,-0.0025,NA,FALSE,"arable",0.4978,0.7,77.3,0.8,0.6,20.6,"H1_anthropogenic"
22847,"Darzlubie Forest",5220,0.0118,0.0605,2688,TRUE,0.0029,0.007,2847,TRUE,0.0337,-0.0104,NA,FALSE,"arable",0.5058,3.3,25.1,28.8,11.9,30.8,"H1_anthropogenic"
4019,"Dolgoe",6470,0,0,6208,TRUE,0,0,6470,TRUE,0.001,-0.0031,NA,FALSE,"arable",0.3519,0.5,36.7,8.8,4.7,49.2,"H1_anthropogenic"
720,"Domsvatnet",2181,8e-04,0.0027,2181,TRUE,0,0,NA,FALSE,0.0013,-0.0019,NA,FALSE,"pastoral",0.3107,1.1,45.8,2.9,10.6,39.6,"H1_anthropogenic"
20012,"Donvold",4279,0.0015,0.004,4279,TRUE,0,0,2605,TRUE,0.0019,-0.0029,NA,FALSE,"pastoral",0.7152,0.6,17.2,0.1,64.3,17.7,"H1_anthropogenic"
49616,"Eini peatland",6906.988,0.0012,0.0059,6906.988,TRUE,0,0,6289.26,TRUE,0.0303,-0.0285,NA,FALSE,"pastoral",0.4835,0.8,47.2,12.3,4.7,35,"H1_anthropogenic"
49636,"Eipurs bog",6761.172,0.0019,0.0061,3037.049,TRUE,3e-04,0.0016,126.473,TRUE,0.0123,-0.0213,NA,FALSE,"pastoral",0.6614,0.2,27.4,37.8,19.5,15.1,"H1_anthropogenic"
4041,"Flaatevatn",3519,0.0078,0.0191,2170,TRUE,0,0,1204,TRUE,0.0208,0.0065,NA,FALSE,"pastoral",0.3747,0.4,27.3,8.5,26.3,37.4,"H1_anthropogenic"
54024,"Flinkasjön",6523.5,0.0067,0.0144,1400.3,TRUE,0.0019,0.0057,1400.3,TRUE,0.0725,-0.014,NA,FALSE,"pastoral",0.2193,1.2,58.1,29.4,0.1,11.2,"H1_anthropogenic"
45710,"Flotatjønn",6524,0.007,0.0143,3562,TRUE,0.0017,0.0057,2845,TRUE,0.0265,0.0056,682,TRUE,"pastoral",0.1724,2,34.6,14.9,1,47.5,"H1_anthropogenic"
4037,"Färskesjön",6683,0.013,0.0216,4245,TRUE,0.0046,0.0084,121,TRUE,0.0798,-0.0132,NA,FALSE,"pastoral",0.1689,1.7,44,37.5,0.3,16.5,"H1_anthropogenic"
53997,"Fårarps Mosse",1030.5,0.0041,0.0114,1030.5,TRUE,0.0013,0.0056,1030.5,TRUE,0.184,-0.0698,NA,FALSE,"pastoral",0.6482,13.1,28.2,8.2,4.8,45.6,"H1_anthropogenic"
45639,"Gammelheimenvatnet",6171,0.0031,0.0096,889,TRUE,0,0,4126,TRUE,0.0023,-0.0013,NA,FALSE,"arable",0.2951,0.7,58.9,10.5,0.2,29.6,"H1_anthropogenic"
53991,"Gilltjärnen",6840.238,0.0077,0.0175,4695.421,TRUE,3e-04,0.0016,6840.238,TRUE,0.0229,7e-04,NA,FALSE,"arable",0.1586,2.5,74.8,4.3,2,16.5,"H1_anthropogenic"
22815,"Godziszewskie Lake",5510,3e-04,0.0016,4668,TRUE,2e-04,0.0015,5090,TRUE,0.065,-0.0187,NA,FALSE,"arable",0.3241,0.1,46.5,39.2,1.8,12.5,"H1_anthropogenic"
977,"Grasvatn",6566,0.0129,0.0218,6223,TRUE,0,0,NA,FALSE,0.0273,-0.0495,NA,FALSE,"pastoral",0.2688,0.9,20.3,16.8,1.6,60.4,"H1_anthropogenic"
45728,"Grauthelleren",5984,0.0269,0.039,3188,TRUE,0.0025,0.0072,5001,TRUE,0.0726,0.0251,NA,FALSE,"arable",0.2054,5.9,32.8,24.9,2.4,34,"H1_anthropogenic"
49430,"Groter Warder",2972.154,0.0088,0.0214,2306.45,TRUE,0,0,2306.45,TRUE,0.1469,-0.1428,NA,FALSE,"pastoral",0.7049,0.5,25.3,3.4,4.4,66.4,"H1_anthropogenic"
49434,"Großer Eutiner See",1596,0.0078,0.0147,1271,TRUE,3e-04,0.0015,1596,TRUE,0.2802,-0.0177,NA,FALSE,"arable",0.4977,1.8,37.3,13.3,0.7,46.9,"H1_anthropogenic"
49457,"Großer Plöner See",2048,0.013,0.0235,2048,TRUE,0,0,2048,TRUE,0.2489,0.0089,NA,FALSE,"pastoral",0.4064,11,38.9,10.3,1.7,38,"H1_anthropogenic"
45698,"Haugtjernet",1644,0.0037,0.0092,1644,TRUE,0.002,0.0061,1098,TRUE,0.033,-0.0074,NA,FALSE,"pastoral",0.247,6.1,34.4,9.6,0.5,49.4,"H1_anthropogenic"
55439,"Hino",6958,0.0024,0.0085,5925,TRUE,0,0,3721,TRUE,0.0337,-0.0156,NA,FALSE,"pastoral",0.4116,0.5,45.3,13.8,8.8,31.5,"H1_anthropogenic"
4092,"Hirvilampi",6727,9e-04,0.0033,878,TRUE,0,3e-04,3347,TRUE,0.0396,-0.0077,NA,FALSE,"arable",0.2126,0.2,76.7,2.2,0.4,20.5,"H1_anthropogenic"
45716,"Holebudalen",6922,0.0233,0.0378,6132,TRUE,0.0011,0.0035,6593,TRUE,0.0192,0.0016,NA,FALSE,"arable",0.2886,1.6,27.3,8,1.5,61.5,"H1_anthropogenic"
21790,"Holtjärnen",4326,0.0073,0.0167,378,TRUE,0.0015,0.0053,378,TRUE,0.0229,0.0016,NA,FALSE,"pastoral",0.1904,1.7,65,11.5,2.9,18.8,"H1_anthropogenic"
4106,"Ilmen Lake",4279,0,0,NA,FALSE,0,0,1236,TRUE,0.0495,0.0086,646,TRUE,"arable",0.4085,0,27.9,9.3,2.2,60.5,"H1_anthropogenic"
4107,"Imatu Mire",6916,0.0016,0.0069,NA,FALSE,0,0,790,TRUE,0.0155,-0.0068,NA,FALSE,"arable",0.2429,0,51.5,33.4,3.1,11.9,"H1_anthropogenic"
45731,"Isbenttjønn",6949,0.0081,0.0135,6791,TRUE,4e-04,0.0018,6633,TRUE,0.0293,0.0058,793,TRUE,"pastoral",0.1619,2.6,41.3,21.7,2.5,31.9,"H1_anthropogenic"
22857,"Jezioro Druzno",3845,0.0022,0.0069,3312,TRUE,1e-04,0.0015,3710,TRUE,0.0468,-0.0562,NA,FALSE,"arable",0.6215,0.3,33.5,28.2,8,29.9,"H1_anthropogenic"
22950,"Jezioro Druzno",173,0.0015,0.0048,173,TRUE,0.0016,0.0054,173,TRUE,0.0986,-0.0057,NA,FALSE,"pastoral",0.5121,13,15.2,19,5.8,47,"H1_anthropogenic"
4133,"Kaarkotinlampi",1236,0.0021,0.0054,4,TRUE,1e-04,5e-04,1236,TRUE,0.0193,2e-04,NA,FALSE,"arable",0.2473,2,56.9,13.1,1.3,26.7,"H1_anthropogenic"
1434,"Kalsa Mire",5398,4e-04,0.0019,3196,TRUE,0,0,1325,TRUE,0.0335,-0.0188,NA,FALSE,"pastoral",0.4115,0.2,60.2,13.4,7.6,18.5,"H1_anthropogenic"
4136,"Kangerjoki",5049,5e-04,0.0019,5049,TRUE,1e-04,7e-04,424,TRUE,0.003,-0.0023,NA,FALSE,"pastoral",0.3777,0.6,27.6,1.1,45.1,25.6,"H1_anthropogenic"
1438,"Kansjön",5286,0.0016,0.0041,2246,TRUE,0,0,4525,TRUE,0.0663,-0.0396,NA,FALSE,"arable",0.2528,0.3,43.2,31.7,0.3,24.5,"H1_anthropogenic"
45701,"Kinnshaugen",5251,0.0028,0.0063,5251,TRUE,6e-04,0.0025,2732,TRUE,0.0415,-0.0152,NA,FALSE,"pastoral",0.2828,1.4,56.3,19.2,0.7,22.4,"H1_anthropogenic"
19909,"Klotjärnen",1049,0.0053,0.014,507,TRUE,0.0023,0.0109,NA,FALSE,0.0144,3e-04,NA,FALSE,"pastoral",0.3289,0.6,48.5,7.3,1.7,42,"H1_anthropogenic"
4154,"Kluki",6741,0.0053,0.014,2239,TRUE,0,0,5516,TRUE,0.0525,-0.0281,NA,FALSE,"arable",0.5676,0.3,38.3,3.1,8.8,49.4,"H1_anthropogenic"
58000,"Kokorevskoe",6050,0.0018,0.0071,5350,TRUE,7e-04,0.0037,845,TRUE,0.0344,-0.0266,NA,FALSE,"pastoral",0.5523,0.3,35.3,8.8,44.2,11.4,"H1_anthropogenic"
49472,"Kollsee",4408,0.0716,0.4089,NA,FALSE,4e-04,0.0013,4263,TRUE,0.205,0.0576,4408,TRUE,"forest",0.7033,5.1,9.3,11.1,54.3,20.2,"H1_anthropogenic"
59895,"Kosilovo",5937,0.0049,0.0138,1083,TRUE,0.0082,0.0246,539,TRUE,0.0703,-0.0708,NA,FALSE,"pastoral",0.4592,0.6,34.8,25,12.9,26.6,"H1_anthropogenic"
4162,"Krageholmssjön",6574,0.0014,0.0042,6574,TRUE,1e-04,6e-04,6574,TRUE,0.2279,0.0847,NA,FALSE,"pastoral",0.3153,0.8,45.6,38.7,0.4,14.4,"H1_anthropogenic"
23013,"Krageholmssjön",6253,0.0041,0.0081,6253,TRUE,0.0022,0.0054,3381,TRUE,0.1311,-0.0323,NA,FALSE,"pastoral",0.3179,1,47.7,39.3,1.2,10.7,"H1_anthropogenic"
4168,"Kuivajarvi",5158,0.0029,0.0081,3842,TRUE,5e-04,0.0026,2210,TRUE,0.0233,0.0084,1473,TRUE,"pastoral",0.2081,1,60.7,4.7,2.7,31,"H1_anthropogenic"
54692,"Kunda Arusoo",6176,0.0054,0.027,5657,TRUE,4e-04,0.0023,3367,TRUE,0.0332,-0.0181,NA,FALSE,"pastoral",0.6965,0.1,25.4,4.3,49.1,21,"H1_anthropogenic"
52082,"Laihalampi",6384.629,0.0064,0.0183,6384.629,TRUE,0.0048,0.0168,6384.629,TRUE,0.028,0.0018,NA,FALSE,"pastoral",0.1957,4,60.4,10.8,2,22.8,"H1_anthropogenic"
46516,"Lake Babinskoye",6557,5e-04,0.0021,6241,TRUE,0,0,4618,TRUE,0.1385,0.0511,1332,TRUE,"pastoral",0.2369,0.1,33.3,29.1,1.2,36.2,"H1_anthropogenic"
52214,"Lake Badsjön",6642.6,0.0035,0.015,NA,FALSE,0,0,NA,FALSE,0,0,NA,FALSE,"none",0.4652,0.1,96.2,0.1,0.2,3.4,"H3_natural"
4031,"Lake Ermistu",6434,6e-04,0.0028,6434,TRUE,0.0013,0.0057,6312,TRUE,0.0672,0.0069,NA,FALSE,"pastoral",0.2183,1.4,45,25.8,1.1,26.7,"H1_anthropogenic"
4042,"Lake Flarken",3108,0.003,0.0054,3108,TRUE,9e-04,0.0025,1265,TRUE,0.0718,-0.0274,NA,FALSE,"pastoral",0.2019,0.9,48.6,11.4,9.8,29.3,"H1_anthropogenic"
20018,"Lake Flåfattjønna",444,0.0023,0.0057,444,TRUE,0,0,72,TRUE,0.0078,-0.004,NA,FALSE,"pastoral",0.3226,2.8,44.7,5.8,0.4,46.2,"H1_anthropogenic"
22636,"Lake Hancza",4999,0.0046,0.0133,NA,FALSE,0.0029,0.0106,NA,FALSE,0.1776,0.0041,NA,FALSE,"none",0.3791,1.2,46.1,46.1,0.3,6.3,"H3_natural"
20029,"Lake Hopseidet",4991,0.0018,0.0062,4991,TRUE,3e-04,0.0014,4822,TRUE,0.001,-7e-04,NA,FALSE,"pastoral",0.2831,2.1,28.3,2.8,8.8,58,"H1_anthropogenic"
20020,"Lake Ifjord",6768,0.0022,0.0055,6768,TRUE,1e-04,0.001,4723,TRUE,0.0018,-0.0025,NA,FALSE,"pastoral",0.2162,1.9,29.5,0.5,7.7,60.4,"H1_anthropogenic"
45410,"Lake Jarveotsa",5898,2e-04,9e-04,4755,TRUE,0,0,945,TRUE,0.0784,-0.015,NA,FALSE,"pastoral",0.2436,0,43.9,14.7,0.7,40.6,"H1_anthropogenic"
4139,"Lake Karujarv",4691,0,0,NA,FALSE,0,0,NA,FALSE,0.1325,0.0571,3708,TRUE,"forest",0.2354,0,48,27.2,0.7,24.1,"H3_natural"
45407,"Lake Konsu",2145,0,0,63,TRUE,0,0,694,TRUE,0.0495,-0.0379,NA,FALSE,"arable",0.4297,0,59.9,2.1,1.1,36.9,"H1_anthropogenic"
49642,"Lake Kuzi",2084,4e-04,0.0017,1984.762,TRUE,0,0,2084,TRUE,0.1149,0.0081,NA,FALSE,"arable",0.4029,0.3,40.9,6.9,0,52,"H1_anthropogenic"
4241,"Lake Maardu",2571,0,0,NA,FALSE,0,0,NA,FALSE,0.1179,0.0327,2571,TRUE,"forest",0.3155,0,25.7,18.8,3.3,52.2,"H3_natural"
45381,"Lake Maardu",3039,0.001,0.0035,3039,TRUE,0,0,3039,TRUE,0.1392,0.0277,1700,TRUE,"pastoral",0.3122,5,26.9,22.3,0.6,45.2,"H1_anthropogenic"
45408,"Lake Martiska",859,2e-04,0.0013,277,TRUE,0,0,568,TRUE,0.0897,-0.0151,NA,FALSE,"arable",0.3321,0,48.3,20.9,1,29.8,"H1_anthropogenic"
45398,"Lake Plaani Külajärv",4962,0.0045,0.0121,1640,TRUE,1e-04,0.0012,2700,TRUE,0.1673,0.0785,2700,TRUE,"arable",0.2612,0.8,31,14.8,0.2,53.2,"H1_anthropogenic"
45379,"Lake Ruila",6514,7e-04,0.0039,2956,TRUE,0,0,3402,TRUE,0.0484,-0.0146,NA,FALSE,"arable",0.2872,0.2,60.2,13.3,1.2,25.1,"H1_anthropogenic"
52255,"Lake Skogstjern",6523.5,0.007,0.0153,6446.25,TRUE,4e-04,0.0021,4856.224,TRUE,0.0849,-0.0321,NA,FALSE,"pastoral",0.3643,0.9,48,17.2,0.2,33.7,"H1_anthropogenic"
4445,"Lake Solsø",4657,0.0463,0.0694,4657,TRUE,0.0023,0.0057,4657,TRUE,0.0677,-0.027,NA,FALSE,"pastoral",0.3661,17.8,23.8,19,4.3,35.1,"H1_anthropogenic"
4446,"Lake Solsø",6687,0.0515,0.0754,4997,TRUE,0.0041,0.0054,6687,TRUE,0.1046,0.0309,NA,FALSE,"arable",0.1334,11.1,45.3,14.7,0.7,28.2,"H1_anthropogenic"
53972,"Lake Svartkälstjärn",6040.3,0.0048,0.0171,NA,FALSE,0,0,2895.4,TRUE,0.0056,-0.0045,NA,FALSE,"arable",0.2441,1.5,77.9,4.1,1.4,15.1,"H1_anthropogenic"
4403,"Lake Sämbosjön",3041,0.0058,0.01,3041,TRUE,0,1e-04,3041,TRUE,0.1425,7e-04,NA,FALSE,"pastoral",0.2814,5.7,44.4,7.8,2.9,39.2,"H1_anthropogenic"
53980,"Lake Tibenatus",6280,0.0053,0.0126,1531.778,TRUE,0,0,NA,FALSE,0,0,NA,FALSE,"pastoral",0.5141,0.5,89.8,0.3,0.6,8.7,"H1_anthropogenic"
4496,"Lake Trummen",5690,0.0035,0.0073,3213,TRUE,0,0,3814,TRUE,0.0353,-0.0191,NA,FALSE,"arable",0.2298,0.6,49.3,36.1,0.6,13.5,"H1_anthropogenic"
24155,"Lake Tsuolbmajavri",6536,0.0016,0.0083,NA,FALSE,0,0,3997,TRUE,0.0015,-0.0028,NA,FALSE,"arable",0.3777,0.2,79.2,0.5,0,20,"H1_anthropogenic"
46453,"Lake Uzlovoye",6545,8e-04,0.0036,4901,TRUE,0,0,4791,TRUE,0.0085,-0.0065,NA,FALSE,"pastoral",0.2137,0.2,61.2,18.4,4,17.1,"H1_anthropogenic"
45391,"Lake Verijärv",6778,0.0034,0.0079,2169,TRUE,2e-04,0.0011,5898,TRUE,0.0836,-0.0089,NA,FALSE,"arable",0.3044,0.3,52.1,17.6,0.5,29.4,"H1_anthropogenic"
53978,"Lake Vuolep Njakajaure",6650,0.0049,0.0212,NA,FALSE,0,0,NA,FALSE,0,0,NA,FALSE,"none",0.4091,0.5,92.7,0.4,0.5,5.8,"H3_natural"
4183,"Landshaftnoe",6412,0.0016,0.0069,NA,FALSE,0,0,NA,FALSE,0.0089,-0.0036,NA,FALSE,"none",0.323,0.2,52.9,1.8,9.6,35.5,"H3_natural"
4194,"Leikishke Bog",5843,3e-04,0.0023,638,TRUE,0,0,NA,FALSE,0.0392,-0.033,NA,FALSE,"pastoral",0.4358,0,53.2,18.8,1.6,26.4,"H1_anthropogenic"
4195,"Leikishke Bog",4850,0,0,NA,FALSE,0,0,NA,FALSE,0.0263,-0.0337,NA,FALSE,"none",0.5887,0,44.3,5,41.4,9.3,"H3_natural"
46469,"Lembolovskoye lake",6637,4e-04,0.002,6353,TRUE,0,0,NA,FALSE,0.0436,-0.0142,NA,FALSE,"pastoral",0.3101,0.3,67.1,10.2,0.5,21.9,"H1_anthropogenic"
53119,"Lervahå bog",5270,6e-04,0.0028,5270,TRUE,0,0,NA,FALSE,0.0025,-0.0015,NA,FALSE,"pastoral",0.3107,0.7,40.9,5.6,26.4,26.5,"H1_anthropogenic"
4203,"Liivjarve Bog",5688,0,0,3346,TRUE,0,0,1327,TRUE,0.0258,-0.0111,NA,FALSE,"pastoral",0.5552,0,35.9,3.5,36.9,23.7,"H1_anthropogenic"
4200,"Lilla Gloppsjön",6423,0.0042,0.0087,147,TRUE,9e-04,0.0037,6423,TRUE,0.0188,-0.0026,NA,FALSE,"arable",0.2414,1,78.3,6.3,0.3,14.1,"H1_anthropogenic"
45713,"Lille Kjelavatn",6837,0.012,0.0235,5656,TRUE,0.0017,0.0075,4924,TRUE,0.0265,0.0102,6098,TRUE,"forest",0.1674,2.2,46,1.2,2,48.5,"H1_anthropogenic"
55917,"Lina myr",5391,0.0023,0.0108,4930,TRUE,0,0,5242,TRUE,0.0724,-0.0273,NA,FALSE,"arable",0.3076,0.4,61.8,10.5,0.7,26.6,"H1_anthropogenic"
45707,"Lisletjønn",6721,0.0075,0.0143,3550,TRUE,2e-04,0.0012,6519,TRUE,0.0346,0.0161,435,TRUE,"arable",0.1387,1.6,56,12,4.5,25.8,"H1_anthropogenic"
20279,"Liten Cap’pesjav’ri",4483,0.0054,0.0131,2739,TRUE,0,0,NA,FALSE,0.0031,-0.0017,NA,FALSE,"pastoral",0.3368,0.8,38.5,3.1,4.8,52.8,"H1_anthropogenic"
45636,"Litlvatnet",5385,0.0074,0.0166,3224,TRUE,0,0,232,TRUE,0.0016,-0.0011,NA,FALSE,"pastoral",0.2543,1.2,28.6,0.9,0.6,68.7,"H1_anthropogenic"
53966,"Ljustjärnen",6159,0.0041,0.0126,1412,TRUE,8e-04,0.0038,1412,TRUE,0.0216,-0.004,NA,FALSE,"pastoral",0.2535,0.8,68.3,5.2,0.4,25.3,"H1_anthropogenic"
24110,"Mabo Moss",5252,0.0098,0.0302,5152,TRUE,0,0,5152,TRUE,0.0192,-0.0247,NA,FALSE,"pastoral",0.5134,0.9,52.6,20.1,19.7,6.7,"H1_anthropogenic"
4257,"Masehjavri",5432,2e-04,0.0011,4078,TRUE,0,0,NA,FALSE,0.0016,-0.0031,NA,FALSE,"pastoral",0.3205,0,69.8,2.7,0.8,26.8,"H1_anthropogenic"
4259,"Mayralampi",6420,0.0072,0.0209,6420,TRUE,1e-04,9e-04,6420,TRUE,0.0091,-0.0046,NA,FALSE,"pastoral",0.218,8.8,31.3,1.5,10.5,47.9,"H1_anthropogenic"
4263,"Mezhgornoe",3050,3e-04,0.0016,2286,TRUE,0,0,NA,FALSE,0.0028,-7e-04,NA,FALSE,"pastoral",0.4544,0,30.2,1.5,2,66.4,"H1_anthropogenic"
4497,"Mire Johvika",4093,0.0037,0.0111,4093,TRUE,0,0,1342,TRUE,0.0181,-0.0091,NA,FALSE,"pastoral",0.4582,19.3,34.7,14.1,15.1,16.8,"H1_anthropogenic"
4531,"Mire Pelisoo",6519,5e-04,0.0045,NA,FALSE,0,0,NA,FALSE,0.0323,-0.0068,NA,FALSE,"none",0.2854,0.1,45.3,29.3,3.2,22.1,"H3_natural"
4346,"Mire Petrolivo",5947,0,0,3570,TRUE,0,0,NA,FALSE,0.0966,-0.1081,NA,FALSE,"pastoral",0.5593,0,34.4,16.5,0.4,48.7,"H1_anthropogenic"
45404,"Mire Saviku",6976,0.0015,0.0046,6585,TRUE,0,0,2164,TRUE,0.0334,-0.0014,NA,FALSE,"pastoral",0.2493,0.4,35.8,18.7,4.8,40.3,"H1_anthropogenic"
45329,"Morttjern",6783,0.0371,0.0592,3293,TRUE,0.0021,0.0065,6783,TRUE,0.0366,-0.0146,NA,FALSE,"arable",0.2179,7.8,35.3,27.7,1.7,27.5,"H1_anthropogenic"
46490,"Mshinskoye raised bog",6810,0,0,6470,TRUE,0,0,NA,FALSE,0.0253,-0.0306,NA,FALSE,"pastoral",0.4655,0,34.7,6.5,43.3,15.6,"H1_anthropogenic"
4286,"Mukkavaara",6751,7e-04,0.0026,5701,TRUE,0,0,NA,FALSE,0.0019,-0.0027,NA,FALSE,"pastoral",0.2479,0.2,88,0.5,1.5,9.7,"H1_anthropogenic"
45377,"Mustjärve bog",6900,0.0145,0.12,6900,TRUE,0,0,5368,TRUE,0.0346,-0.022,NA,FALSE,"pastoral",0.4634,14.1,33.3,9.6,16.8,26.2,"H1_anthropogenic"
44941,"Myrvatnet",244,0.0047,0.0112,244,TRUE,1e-04,0.001,NA,FALSE,0.0012,-0.0014,NA,FALSE,"pastoral",0.3036,6.1,5.9,15,4.7,68.3,"H1_anthropogenic"
45351,"Måsåtjørnet",3001,0.0026,0.0062,3001,TRUE,6e-04,0.0021,3001,TRUE,0.0217,0.0017,488,TRUE,"pastoral",0.2772,3.6,51.5,20.1,2.4,22.4,"H1_anthropogenic"
46477,"Nikolsko-Lutinskoye bog",1286,8e-04,0.0041,1123,TRUE,2e-04,0.0015,1182,TRUE,0.0625,0.0185,1123,TRUE,"arable",0.3967,0.1,29.3,9,26.7,35,"H1_anthropogenic"
46457,"Nizhneosinovskoye peat bog",1262,0.003,0.0133,775,TRUE,7e-04,0.003,1068,TRUE,0.0131,-7e-04,NA,FALSE,"arable",0.5377,0.4,24.4,13,44.4,17.8,"H1_anthropogenic"
49388,"Oldenburg-Priesterwiese",5790,0.004,0.0088,5790,TRUE,7e-04,0.0027,5790,TRUE,0.158,-0.1007,NA,FALSE,"pastoral",0.476,6.1,39.9,31.2,0.2,22.7,"H1_anthropogenic"
4325,"Osvea",6868,3e-04,0.0022,6599,TRUE,0,0,2276,TRUE,0.0386,0.006,4984,TRUE,"pastoral",0.3517,0,18.5,27.4,5.9,48.1,"H1_anthropogenic"
4338,"Pamerkiai Outcrop",6580,0.0021,0.0092,4813,TRUE,0,0,6580,TRUE,0.0021,-0.0027,NA,FALSE,"arable",0.3112,1.7,42.7,3.4,17.5,34.7,"H1_anthropogenic"
49654,"Pantene Mire",6797.941,0.0012,0.0071,2141.153,TRUE,0,0,NA,FALSE,0.0268,-0.0341,NA,FALSE,"pastoral",0.358,0.2,42.1,18.4,9.2,30.2,"H1_anthropogenic"
46544,"Parika",6534,0.0097,0.0274,2670,TRUE,8e-04,0.0047,572,TRUE,0.0464,-0.0115,NA,FALSE,"pastoral",0.377,1.4,46,10.9,16.4,25.2,"H1_anthropogenic"
48926,"Pitkasoo",6648,0.001,0.0031,4984,TRUE,0.001,0.0037,NA,FALSE,0.0531,-0.0136,NA,FALSE,"pastoral",0.3011,0.4,54.9,27.2,3.3,14.1,"H1_anthropogenic"
49432,"Probstenwerder",6943.8,0.0015,0.0031,6943.8,TRUE,0,0,2457.667,TRUE,0.0161,-0.0081,NA,FALSE,"pastoral",0.3754,0.8,13.7,18.6,1.2,65.6,"H1_anthropogenic"
4362,"Punso",4269,0,0,NA,FALSE,0,0,NA,FALSE,0.0757,-0.034,NA,FALSE,"none",0.3683,0,51.6,11.7,2.1,34.7,"H3_natural"
4369,"Raigastvere Lake",5311,3e-04,0.0022,5311,TRUE,0,0,3402,TRUE,0.2107,0.0732,4039,TRUE,"pastoral",0.3084,0.4,40.6,36.7,0.5,21.7,"H1_anthropogenic"
4370,"Ran Viken",4333,0.0028,0.0055,4263,TRUE,0,1e-04,4263,TRUE,0.079,0.0105,NA,FALSE,"pastoral",0.1848,0.7,58.6,26.9,1.7,12.1,"H1_anthropogenic"
45722,"Reiersdalvann",1869,0.0116,0.0227,1869,TRUE,0.0024,0.0061,1869,TRUE,0.0441,-0.0083,NA,FALSE,"pastoral",0.3753,4.3,42,11.5,1.7,40.5,"H1_anthropogenic"
53131,"Reinskaret bog",6609,0.0032,0.0083,5396,TRUE,0,0,NA,FALSE,0.0046,-0.0026,NA,FALSE,"pastoral",0.4082,0.4,27.6,2.2,6.8,63,"H1_anthropogenic"
4390,"Rudushskoe Lake",4260,6e-04,0.0044,1307,TRUE,0,0,3640,TRUE,0.1028,-0.0787,NA,FALSE,"arable",0.5712,0.1,33.5,3,0.4,63.1,"H1_anthropogenic"
4393,"Ryönänsuo",3477,0.0011,0.0037,3052,TRUE,0,0,3052,TRUE,0.0087,-0.005,NA,FALSE,"pastoral",0.4379,0.2,30.4,1.3,23.4,44.7,"H1_anthropogenic"
4372,"Råttuvarri",6966,9e-04,0.003,5834,TRUE,0,0,NA,FALSE,0.0013,-0.002,NA,FALSE,"pastoral",0.3003,0.2,84.1,3.8,4.3,7.6,"H1_anthropogenic"
20060,"Sandvikvatn",6673,0.0232,0.0423,3629,TRUE,0,0,2770,TRUE,0.029,-0.0206,NA,FALSE,"pastoral",0.4084,2.5,27.3,19.1,4.8,46.3,"H1_anthropogenic"
4414,"Shepeta Bog",6765,4e-04,0.002,6765,TRUE,0,0,NA,FALSE,0.0418,-0.0207,NA,FALSE,"pastoral",0.5335,0.4,48.3,16.3,23.9,11.1,"H1_anthropogenic"
54003,"Stavsåkra",5650,0.0293,0.0745,2410,TRUE,4e-04,0.0019,3215,TRUE,0.0265,-0.0187,NA,FALSE,"arable",0.4877,2.8,60,17.5,11.8,8,"H1_anthropogenic"
54016,"Stobydeltat",2637,0.015,0.0317,2562,TRUE,0.0018,0.0045,2562,TRUE,0.0667,-0.0182,NA,FALSE,"pastoral",0.7138,0.5,83.8,8.5,2.4,4.8,"H1_anthropogenic"
53988,"Stor-flen",4388,0.0029,0.009,358,TRUE,0,0,3051,TRUE,0.0026,-0.0024,NA,FALSE,"arable",0.5578,0.3,38.9,4.7,46.9,9.1,"H1_anthropogenic"
54004,"Storasjö",473,0.0113,0.0352,473,TRUE,0,0,400,TRUE,0.0167,-0.0099,NA,FALSE,"pastoral",0.5461,4.8,44.3,3.8,38.1,9,"H1_anthropogenic"
54005,"Storasjö",473,0.0113,0.0352,473,TRUE,0,0,400,TRUE,0.0167,-0.0099,NA,FALSE,"pastoral",0.5461,4.8,44.3,3.8,38.1,9,"H1_anthropogenic"
45331,"Storsandvatnet",3586,0.0102,0.0208,3586,TRUE,2e-04,0.0014,3306,TRUE,0.0061,8e-04,NA,FALSE,"pastoral",0.3609,4.3,69.9,3.4,3.1,19.3,"H1_anthropogenic"
53968,"Storsnasen",6090,0.0029,0.0093,6090,TRUE,0,0,NA,FALSE,0.0015,-0.002,NA,FALSE,"pastoral",0.3399,1.4,44.3,4.7,34,15.6,"H1_anthropogenic"
4466,"Sudoble Lake",6717,0.0029,0.0062,4389,TRUE,0,0,NA,FALSE,0.0775,-0.0203,NA,FALSE,"pastoral",0.3115,0.2,55.6,26.2,0.7,17.3,"H1_anthropogenic"
48917,"Surusoo bog",6969,0.0125,0.05,6969,TRUE,0,0,4099,TRUE,0.0633,0.0214,1665,TRUE,"pastoral",0.5308,4.5,39.1,6.4,46,4,"H1_anthropogenic"
48919,"Surusoo bog",6969,0.0125,0.05,6969,TRUE,0,0,4099,TRUE,0.0633,0.0214,1665,TRUE,"pastoral",0.5308,4.5,39.1,6.4,46,4,"H1_anthropogenic"
48921,"Surusoo bog",6969,0.0125,0.05,6969,TRUE,0,0,4099,TRUE,0.0633,0.0214,1665,TRUE,"pastoral",0.5308,4.5,39.1,6.4,46,4,"H1_anthropogenic"
48923,"Surusoo bog",6969,0.0125,0.05,6969,TRUE,0,0,4099,TRUE,0.0633,0.0214,1665,TRUE,"pastoral",0.5308,4.5,39.1,6.4,46,4,"H1_anthropogenic"
45343,"Svartvatnet",4034,0.0046,0.0106,3596,TRUE,0,0,3139,TRUE,0.0059,0.0011,2034,TRUE,"pastoral",0.3237,0.5,47,11.5,0.4,40.8,"H1_anthropogenic"
4470,"Svencele Bog",6911,0.0042,0.0105,5879,TRUE,0,0,NA,FALSE,0.2895,0.0681,6217,TRUE,"forest",0.5513,0.3,25.4,48.3,1.5,24.5,"H1_anthropogenic"
49658,"Svetinu lake",1634.585,0.0098,0.0248,1634.585,TRUE,4e-04,0.0031,1400.073,TRUE,0.1237,0.0321,1634.585,TRUE,"pastoral",0.3597,2.7,40.7,20.6,1.2,34.8,"H1_anthropogenic"
4472,"Syrjälänsuo",4335,0.0059,0.0167,616,TRUE,0,0,3353,TRUE,0.0154,0.0038,1785,TRUE,"arable",0.2803,1,66.2,12,5.9,14.9,"H1_anthropogenic"
49477,"Thorsberger Moor",4021,0.0057,0.0118,4021,TRUE,9e-04,0.003,4021,TRUE,0.1564,-0.1321,NA,FALSE,"pastoral",0.5011,5.5,42.3,14.8,18.8,18.5,"H1_anthropogenic"
4490,"Tondi",4462,7e-04,0.0038,3842,TRUE,0,0,2942,TRUE,0.0719,-0.0306,NA,FALSE,"pastoral",0.3985,0.1,44,3.8,1,51.1,"H1_anthropogenic"
52088,"Toskaljarvi",5605.2,5e-04,0.0027,3615.3,TRUE,0,6e-04,NA,FALSE,0.001,-0.0019,NA,FALSE,"pastoral",0.3313,0.1,73.2,1.1,0.3,25.4,"H1_anthropogenic"
20042,"Trettetjørn",6399,0.0122,0.0212,6399,TRUE,6e-04,0.0028,NA,FALSE,0.016,0.002,1789,TRUE,"pastoral",0.2515,3.3,24.1,5.4,1.6,65.7,"H1_anthropogenic"
20058,"Trondheimsfjord",6216,7e-04,0.0023,NA,FALSE,1e-04,8e-04,NA,FALSE,0.0019,-0.0016,NA,FALSE,"none",0.3804,0.1,45,2.3,1.5,51.1,"H3_natural"
53986,"Trygåsen (II)",6044,0.0024,0.0054,6044,TRUE,0,0,1178,TRUE,0.0044,-0.0037,NA,FALSE,"pastoral",0.238,1.4,48.9,6.8,24.8,18.1,"H1_anthropogenic"
4500,"Tytuvenu Tyrelis",6186,9e-04,0.0045,5218,TRUE,0,0,4476,TRUE,0.0105,-0.0126,NA,FALSE,"pastoral",0.4522,0.3,41.9,5.1,1.1,51.6,"H1_anthropogenic"
4510,"Vasikkasuo",2895,7e-04,0.0037,1631,TRUE,6e-04,0.0059,1631,TRUE,0.0031,-0.002,NA,FALSE,"pastoral",0.4242,0.2,22.2,1.1,43.4,33.1,"H1_anthropogenic"
55045,"Vaskna",6512,6e-04,0.0024,3592,TRUE,0.0052,0.0133,NA,FALSE,0.0836,0.0211,2931,TRUE,"pastoral",0.6067,0.6,26.9,6.4,4.4,61.8,"H1_anthropogenic"
48928,"Vedruka",6327,0.0169,0.0568,4126,TRUE,1e-04,0.001,5473,TRUE,0.0563,0.0136,1908,TRUE,"arable",0.3847,1.9,42.8,4.9,36.8,13.5,"H1_anthropogenic"
55053,"Velise",3816,0.02,0.1009,3307,TRUE,0,0,3816,TRUE,0.0293,-0.039,NA,FALSE,"arable",0.6047,1.1,16.6,2.6,44.1,35.5,"H1_anthropogenic"
20050,"Vestre Øykjamyrtjørn",6277,0.0094,0.0176,5087,TRUE,7e-04,0.0022,5087,TRUE,0.0356,-0.0157,NA,FALSE,"pastoral",0.3083,1.4,26.8,19,0.7,52.1,"H1_anthropogenic"
45385,"Viitna Linajärv",6753,0.0013,0.0042,3868,TRUE,0,0,3353,TRUE,0.0945,-0.0056,NA,FALSE,"pastoral",0.186,0.5,41.5,22.9,6.8,28.2,"H1_anthropogenic"
45387,"Viitna Linajärv",6386,0,0,4813,TRUE,0,0,740,TRUE,0.0739,0.0165,808,TRUE,"pastoral",0.22,0,55.9,26.5,0,17.6,"H1_anthropogenic"
55815,"Viitna Pikkjärv",6959,0.0013,0.0046,4162,TRUE,0,0,3007,TRUE,0.0944,8e-04,NA,FALSE,"pastoral",0.1947,0.8,50.2,14,1.1,33.9,"H1_anthropogenic"
49660,"Viki Mire",5993.538,0.0067,0.0252,NA,FALSE,5e-04,0.0031,NA,FALSE,0.1015,-0.0035,NA,FALSE,"none",0.5326,0.7,36.7,5.2,18.5,39,"H3_natural"
46514,"Vishnevskoe Lake",5364,0,0,4873,TRUE,0,0,NA,FALSE,0.0515,-0.0063,NA,FALSE,"pastoral",0.2784,0,34.6,6.3,1.9,57.1,"H1_anthropogenic"
45312,"Vuolep Allasasjaure",2809,0.018,0.0391,2676,TRUE,0,0,1001,TRUE,0.0021,-0.0037,NA,FALSE,"pastoral",0.2809,1.7,65.3,0.8,5.8,26.3,"H1_anthropogenic"
45311,"Vuoskkujávri",6864,0.0013,0.0072,4974,TRUE,0,0,NA,FALSE,7e-04,-0.002,NA,FALSE,"pastoral",0.3027,0.4,74.7,2.1,0.2,22.6,"H1_anthropogenic"
45389,"Väike Juusa",6942,3e-04,0.0022,6501,TRUE,0,0,1896,TRUE,0.071,-0.0682,NA,FALSE,"pastoral",0.4202,0.2,49.2,23.8,0.1,26.6,"H1_anthropogenic"
45393,"Vällamäe",4221,0,0,NA,FALSE,0,0,1093,TRUE,0.0817,0.0327,1592,TRUE,"forest",0.5102,0,44.7,3.3,1.2,50.8,"H1_anthropogenic"
45395,"Vällamäe",5951,0,0,1796,TRUE,0,0,1796,TRUE,0.1224,-0.0657,NA,FALSE,"pastoral",0.4278,0,41.2,5.6,1.4,51.8,"H1_anthropogenic"
53964,"Västragylet",6715.8,8e-04,0.0026,5725,TRUE,4e-04,0.0022,807.9,TRUE,0.1538,0.1337,6715.8,TRUE,"forest",0.1558,0.4,56.7,25.5,1.1,16.3,"H1_anthropogenic"
4523,"Vôhma Mire",6376,7e-04,0.0028,2600,TRUE,0,0,1520,TRUE,0.0602,0.0097,1893,TRUE,"pastoral",0.2854,0.1,43.6,10.8,29.8,15.7,"H1_anthropogenic"
4539,"Ylimysneva",5266,0.0039,0.0079,2958,TRUE,7e-04,0.0027,200,TRUE,0.0095,0.0027,974,TRUE,"pastoral",0.6324,0.3,30.4,3.8,42.8,22.6,"H1_anthropogenic"
22845,"Zarnowiec Peat Bog",6571,0.0095,0.0302,6571,TRUE,0.009,0.0299,NA,FALSE,0.0225,-0.0031,NA,FALSE,"pastoral",0.2588,4.2,45.4,15.2,10.1,25,"H1_anthropogenic"
62021,"Ähijärv",4,0.0024,0.0065,4,TRUE,0,0,4,TRUE,0.1456,0.0174,4,TRUE,"pastoral",0.3797,10.1,47,11.4,0.9,30.5,"H1_anthropogenic"
3882,"Åntu Sinijarv",6557,0,0,NA,FALSE,0,0,NA,FALSE,0.1765,8e-04,NA,FALSE,"none",0.2544,0,42.1,11.2,1,45.8,"H3_natural"
45704,"Øygardstjønn",1407,0.0059,0.0166,680,TRUE,1e-04,0.0011,1407,TRUE,0.0251,0.0016,NA,FALSE,"arable",0.233,2.6,59.6,17.2,1.3,19.4,"H1_anthropogenic"
45400,"Ümarjärv",6676,0,0,3891,TRUE,0,0,3919,TRUE,0.1878,0.0611,6676,TRUE,"forest",0.3048,0,44.1,19.9,0.7,35.3,"H1_anthropogenic"
